{
  "scale": "PHQ9",
  "accuracy": 0.6667,
  "roc_auc": 1.0,
  "classification_report": {
    "0": {
      "precision": 1.0,
      "recall": 0.5,
      "f1-score": 0.6666666666666666,
      "support": 2.0
    },
    "1": {
      "precision": 0.5,
      "recall": 1.0,
      "f1-score": 0.6666666666666666,
      "support": 1.0
    },
    "accuracy": 0.6666666666666666,
    "macro avg": {
      "precision": 0.75,
      "recall": 0.75,
      "f1-score": 0.6666666666666666,
      "support": 3.0
    },
    "weighted avg": {
      "precision": 0.8333333333333334,
      "recall": 0.6666666666666666,
      "f1-score": 0.6666666666666666,
      "support": 3.0
    }
  }
}